career_name,description,required_skills,domain,average_salary,education_path
Data Scientist,Analyze data to extract insights and drive strategic decisions for organizations,"python, machine learning, statistics, sql, pandas, data visualization, communication",Data Science,120000,"Bachelor's or Master's in Computer Science, Statistics, or Data Science"
Machine Learning Engineer,Build and deploy machine learning models and automate decision-making processes,"python, deep learning, tensorflow, pytorch, data preprocessing, mlops, cloud",Artificial Intelligence,130000,"Bachelor's or Master's in Computer Science or AI"
Data Analyst,Interpret data, prepare reports, and provide actionable insights,"excel, sql, python, tableau, data visualization, business acumen",Analytics,85000,"Bachelor's in Business, Statistics, or Computer Science"
Software Developer,Design, code, and maintain applications for different platforms,"java, python, git, algorithms, data structures, debugging",Software Engineering,90000,"Bachelor's in Computer Science or Software Engineering"
Frontend Developer,Create interactive and responsive web interfaces focusing on user experience,"html, css, javascript, react, ui design, apis",Web Development,80000,"Bachelor's in Computer Science or Web Design"
Backend Developer,Develop and manage APIs, databases, and server-side logic for applications,"python, django, fastapi, sql, apis, docker",Software Engineering,95000,"Bachelor's in Computer Science or IT"
Full Stack Developer,Handle both frontend and backend development for scalable web applications,"react, nodejs, javascript, python, sql, mongodb, docker, git",Software Engineering,105000,"Bachelor's in Computer Science or Software Engineering"
DevOps Engineer,Integrate and automate deployment pipelines and monitor software systems,"docker, kubernetes, ci/cd, aws, bash scripting, monitoring",Cloud/Infra,110000,"Bachelor's in Computer Science or IT"
AI Researcher,Research and design new AI algorithms and models,"machine learning, deep learning, python, nlp, transformers, pytorch",Artificial Intelligence,150000,"PhD or Master's in AI/ML/Computer Science"
Cybersecurity Analyst,Protect networks and systems from vulnerabilities and cyber threats,"network security, firewalls, ethical hacking, python, risk assessment, cryptography",Cybersecurity,95000,"Bachelor's in Cybersecurity, IT, or Computer Science"
Cloud Engineer,Design, implement, and maintain cloud services across AWS/Azure/GCP,"aws, azure, docker, kubernetes, networking, devops",Cloud Computing,115000,"Bachelor's in Computer Science, IT, or Cloud Engineering"
Database Administrator,Design and maintain efficient and secure databases,"sql, oracle, mysql, backups, data recovery, optimization",Data Engineering,88000,"Bachelor's in Computer Science or IT"
Blockchain Developer,Build decentralized apps and smart contracts on blockchain platforms,"solidity, smart contracts, ethereum, cryptography, web3, javascript",Blockchain,125000,"Bachelor's in Computer Science or Blockchain Development"
UI/UX Designer,Create intuitive user interfaces and engaging experiences for digital products,"figma, adobe xd, user research, prototyping, design thinking",Design,70000,"Bachelor's in Design, Fine Arts, or Computer Science"
Product Manager,Define product vision, strategy, and roadmap bridging business and technology,"leadership, agile, jira, data analysis, communication, planning",Product Management,120000,"Bachelor's in Business or MBA"
Business Analyst,Analyze business processes and improve operations using data insights,"excel, sql, documentation, project management, communication",Business Analytics,90000,"Bachelor's in Business or IT"
Financial Analyst,Assess company performance and support investment decisions,"excel, accounting, financial modeling, forecasting, statistics",Finance,85000,"Bachelor's in Finance, Economics, or Accounting"
Digital Marketing Specialist,Create and manage online marketing campaigns to drive growth,"seo, google ads, analytics, social media, content marketing",Marketing,75000,"Bachelor's in Marketing, Communications, or Business"
Content Writer,Produce written content for websites, ads, and marketing campaigns,"writing, editing, research, seo, storytelling",Media,55000,"Bachelor's in Literature, Journalism, or Marketing"
Graphic Designer,Design brand visuals, social media creatives, and marketing materials,"photoshop, illustrator, creativity, typography, branding",Design,60000,"Bachelor's in Design or Fine Arts"
HR Manager,Manage recruitment, onboarding, and employee relations,"leadership, communication, hr policies, employee engagement",Human Resources,95000,"Bachelor's in HR or MBA"
Operations Manager,Ensure smooth daily operations and resource management,"leadership, project management, data analysis, optimization",Management,100000,"Bachelor's in Business Administration or Management"
Data Engineer,Build data pipelines and infrastructure for analytics and AI systems,"python, sql, etl, hadoop, spark, aws, data warehousing",Data Engineering,115000,"Bachelor's in Computer Science, Data Engineering, or IT"
Systems Administrator,Manage servers, networks, and IT systems,"linux, windows, networking, scripting, virtualization, troubleshooting",IT,85000,"Bachelor's in Computer Science or IT"
Game Developer,Design and code video games and simulations,"unity, unreal, c#, c++, game design, physics simulation",Entertainment,95000,"Bachelor's in Computer Science or Game Design"
